TimeStamp,id,Y,X,type,GroupId
2014-6-07 22:00:03,299728,78,43,check-in,
2014-6-07 22:00:03,504575,78,43,check-in,
2014-6-07 22:00:03,798854,78,43,check-in,
2014-6-07 22:00:04,1155666,78,43,check-in,
2014-6-07 22:00:05,1528551,78,43,check-in,
2014-6-07 22:00:05,1612730,78,43,check-in,
2014-6-07 22:00:08,807812,78,43,check-in,
2014-6-07 22:00:09,1055682,78,43,check-in,
2014-6-07 22:00:09,692554,78,43,check-in,
2014-6-07 22:00:10,1731980,78,43,check-in,
2014-6-07 22:00:10,443721,78,43,check-in,
2014-6-07 22:00:14,742301,90,38,check-in,
2014-6-07 22:00:15,1195226,90,38,check-in,
2014-6-07 22:00:16,1334236,90,38,check-in,
2014-6-07 22:00:16,1968047,49,16,check-in,
2014-6-07 22:00:16,2045913,90,38,check-in,
2014-6-07 22:00:16,313742,90,38,check-in,
2014-6-07 22:00:16,704362,90,38,check-in,
2014-6-07 22:00:16,8129,90,38,check-in,
2014-6-07 22:00:17,990296,49,16,check-in,
2014-6-07 22:00:32,1394572,66,16,check-in,
2014-6-07 22:00:33,581500,66,16,check-in,
2014-6-07 22:00:34,982081,66,16,check-in,
2014-6-07 22:00:55,603369,90,38,check-in,
2014-6-07 22:00:56,710974,90,38,check-in,
2014-6-07 22:01:05,1369240,90,38,check-in,
2014-6-07 22:01:05,1635641,90,38,check-in,
2014-6-07 22:01:05,923760,90,38,check-in,
2014-6-07 22:01:07,2023353,15,27,check-in,
2014-6-07 22:01:08,1088488,24,45,check-in,
2014-6-07 22:01:08,1388440,44,86,check-in,
2014-6-07 22:01:16,901297,48,87,check-in,
2014-6-07 22:01:17,1346096,48,87,check-in,
2014-6-07 22:01:18,1660523,48,87,check-in,
2014-6-07 22:01:18,1691480,48,87,check-in,
2014-6-07 22:01:18,545873,48,87,check-in,
2014-6-07 22:01:24,953336,44,86,check-in,
2014-6-07 22:01:25,1632214,44,86,check-in,
2014-6-07 22:01:26,1101472,44,86,check-in,
2014-6-07 22:01:26,1130496,44,86,check-in,
2014-6-07 22:01:26,1283332,44,86,check-in,
2014-6-07 22:01:26,626177,44,86,check-in,
2014-6-07 22:01:26,970547,44,86,check-in,
2014-6-07 22:01:44,464830,11,47,check-in,
2014-6-07 22:01:52,1275173,43,6,check-in,
2014-6-07 22:01:53,46423,43,6,check-in,
2014-6-07 22:01:54,1524136,43,6,check-in,
2014-6-07 22:02:08,181968,44,86,check-in,
2014-6-07 22:02:08,1845254,44,86,check-in,
2014-6-07 22:02:08,727598,44,86,check-in,
2014-6-07 22:02:08,967171,44,86,check-in,
2014-6-07 22:02:09,1574967,56,43,check-in,
2014-6-07 22:02:09,1737013,56,43,check-in,
2014-6-07 22:02:09,567412,44,86,check-in,
2014-6-07 22:02:10,1812068,56,43,check-in,
2014-6-07 22:02:11,450819,56,43,check-in,
2014-6-07 22:02:13,395602,68,34,check-in,
2014-6-07 22:02:13,629023,68,34,check-in,
2014-6-07 22:02:13,708075,68,34,check-in,
2014-6-07 22:02:13,914682,68,34,check-in,
2014-6-07 22:02:14,2033362,68,34,check-in,
2014-6-07 22:02:16,1680940,48,78,check-in,
2014-6-07 22:02:16,1958633,48,78,check-in,
2014-6-07 22:02:16,281976,48,78,check-in,
2014-6-07 22:02:16,914298,48,78,check-in,
2014-6-07 22:02:17,1896535,48,78,check-in,
2014-6-07 22:02:17,756153,48,78,check-in,
2014-6-07 22:02:18,845051,48,78,check-in,
2014-6-07 22:02:19,29539,66,16,check-in,
2014-6-07 22:02:19,922332,66,16,check-in,
2014-6-07 22:02:20,1604971,66,16,check-in,
2014-6-07 22:02:21,1605640,66,16,check-in,
2014-6-07 22:02:44,1426039,66,16,check-in,
2014-6-07 22:02:44,1616457,24,45,check-in,
2014-6-07 22:02:44,1767836,24,45,check-in,
2014-6-07 22:02:44,683399,24,45,check-in,
2014-6-07 22:02:45,1046264,66,16,check-in,
2014-6-07 22:02:45,1814012,24,45,check-in,
2014-6-07 22:02:46,1995388,66,16,check-in,
2014-6-07 22:02:46,69337,66,16,check-in,
2014-6-07 22:02:47,1070212,44,86,check-in,
2014-6-07 22:02:47,1305659,44,86,check-in,
2014-6-07 22:02:47,510274,44,86,check-in,
2014-6-07 22:02:47,6936,44,86,check-in,
2014-6-07 22:02:48,2037299,44,86,check-in,
2014-6-07 22:02:49,1008448,44,86,check-in,
2014-6-07 22:02:49,1942120,44,86,check-in,
2014-6-07 22:02:49,431836,44,86,check-in,
2014-6-07 22:02:55,1375106,43,17,check-in,
2014-6-07 22:02:55,2056236,43,17,check-in,
2014-6-07 22:02:55,574013,66,16,check-in,
2014-6-07 22:02:56,1822171,66,16,check-in,
2014-6-07 22:02:56,879813,43,17,check-in,
2014-6-07 22:03:03,999107,24,45,check-in,
2014-6-07 22:03:04,1588370,11,47,check-in,
2014-6-07 22:03:05,488651,11,47,check-in,
2014-6-07 22:03:05,546233,68,34,check-in,
2014-6-07 22:03:06,1317574,68,34,check-in,
2014-6-07 22:03:06,1510967,68,34,check-in,
2014-6-07 22:03:06,1742829,68,34,check-in,
2014-6-07 22:03:09,983170,24,45,check-in,
2014-6-07 22:03:10,1674281,24,45,check-in,
2014-6-07 22:03:10,1870829,24,45,check-in,
2014-6-07 22:03:12,1200871,44,69,check-in,
2014-6-07 22:03:12,1306895,44,69,check-in,
2014-6-07 22:03:12,1315476,44,69,check-in,
2014-6-07 22:03:12,1359311,44,69,check-in,
2014-6-07 22:03:12,1364377,44,69,check-in,
2014-6-07 22:03:12,1397795,44,69,check-in,
2014-6-07 22:03:12,1405420,44,69,check-in,
2014-6-07 22:03:12,1416697,44,69,check-in,
2014-6-07 22:03:12,1817186,44,69,check-in,
2014-6-07 22:03:12,1867788,44,69,check-in,
2014-6-07 22:03:12,1877109,44,69,check-in,
2014-6-07 22:03:12,1937981,44,69,check-in,
2014-6-07 22:03:12,2025597,44,69,check-in,
2014-6-07 22:03:12,2048195,44,69,check-in,
2014-6-07 22:03:12,224120,44,69,check-in,
2014-6-07 22:03:12,493160,44,69,check-in,
2014-6-07 22:03:12,620366,44,69,check-in,
2014-6-07 22:03:12,782566,44,69,check-in,
2014-6-07 22:03:12,807358,44,69,check-in,
2014-6-07 22:03:12,831214,44,69,check-in,
2014-6-07 22:03:12,864696,44,69,check-in,
2014-6-07 22:03:13,785897,44,69,check-in,
2014-6-07 22:03:14,115010,44,69,check-in,
2014-6-07 22:03:14,1174742,24,45,check-in,
2014-6-07 22:03:14,1333734,44,69,check-in,
2014-6-07 22:03:14,1377344,44,69,check-in,
2014-6-07 22:03:14,1407198,44,69,check-in,
2014-6-07 22:03:14,1484712,44,69,check-in,
2014-6-07 22:03:14,1509530,44,69,check-in,
2014-6-07 22:03:14,1632736,44,69,check-in,
2014-6-07 22:03:14,1664490,44,69,check-in,
2014-6-07 22:03:14,1670996,44,69,check-in,
2014-6-07 22:03:14,170586,44,69,check-in,
2014-6-07 22:03:14,182619,44,69,check-in,
2014-6-07 22:03:14,1875369,24,45,check-in,
2014-6-07 22:03:14,1914163,44,69,check-in,
2014-6-07 22:03:14,215461,44,69,check-in,
2014-6-07 22:03:14,507059,44,69,check-in,
2014-6-07 22:03:14,525407,44,69,check-in,
2014-6-07 22:03:14,630581,44,69,check-in,
2014-6-07 22:03:14,641876,44,69,check-in,
2014-6-07 22:03:14,695426,44,69,check-in,
2014-6-07 22:03:14,772800,44,69,check-in,
2014-6-07 22:03:15,20627,86,85,check-in,
2014-6-07 22:03:15,211669,37,60,check-in,
2014-6-07 22:03:15,230313,37,60,check-in,
2014-6-07 22:03:15,487752,24,45,check-in,
2014-6-07 22:03:15,761614,86,85,check-in,
2014-6-07 22:03:16,1415247,86,85,check-in,
2014-6-07 22:03:16,1683311,24,45,check-in,
2014-6-07 22:03:16,916602,24,45,check-in,
2014-6-07 22:03:17,1310370,81,87,check-in,
2014-6-07 22:03:18,1243238,81,87,check-in,
2014-6-07 22:03:18,1287834,81,87,check-in,
2014-6-07 22:03:18,1868973,81,87,check-in,
2014-6-07 22:03:22,1861684,44,86,check-in,
2014-6-07 22:03:23,1529852,44,86,check-in,
2014-6-07 22:03:24,101816,44,86,check-in,
2014-6-07 22:03:24,1394838,44,86,check-in,
2014-6-07 22:03:24,2057936,44,86,check-in,
2014-6-07 22:03:24,64694,44,86,check-in,
2014-6-07 22:03:27,1349992,87,48,check-in,
2014-6-07 22:03:35,406813,48,78,check-in,
2014-6-07 22:03:35,90727,48,78,check-in,
2014-6-07 22:03:36,171160,48,78,check-in,
2014-6-07 22:03:36,600577,48,78,check-in,
2014-6-07 22:03:36,618463,48,78,check-in,
2014-6-07 22:03:36,878118,48,78,check-in,
2014-6-07 22:03:37,1458663,48,78,check-in,
2014-6-07 22:03:44,1023869,66,16,check-in,
2014-6-07 22:03:44,194084,66,16,check-in,
2014-6-07 22:03:44,939374,66,16,check-in,
2014-6-07 22:03:56,1140349,24,45,check-in,
2014-6-07 22:03:59,1920627,63,87,check-in,
2014-6-07 22:04:00,317167,63,87,check-in,
2014-6-07 22:04:13,1616457,24,45,check-in,
2014-6-07 22:04:13,1814012,24,45,check-in,
2014-6-07 22:04:14,683399,24,45,check-in,
2014-6-07 22:04:38,1901189,44,86,check-in,
2014-6-07 22:04:39,668484,44,86,check-in,
2014-6-07 22:04:40,1732032,43,6,check-in,
2014-6-07 22:04:40,7639,43,6,check-in,
2014-6-07 22:04:41,266345,43,6,check-in,
2014-6-07 22:04:42,1082022,43,6,check-in,
2014-6-07 22:04:47,848800,11,47,check-in,
2014-6-07 22:04:50,413484,68,34,check-in,
2014-6-07 22:04:51,1311571,68,34,check-in,
2014-6-07 22:04:52,1147405,68,34,check-in,
2014-6-07 22:04:53,6110,78,43,check-in,
2014-6-07 22:04:54,1076477,78,43,check-in,
2014-6-07 22:04:54,1549439,78,43,check-in,
2014-6-07 22:04:54,6534,78,43,check-in,
2014-6-07 22:04:54,755822,78,43,check-in,
2014-6-07 22:04:54,757845,78,43,check-in,
2014-6-07 22:04:54,986349,78,43,check-in,
2014-6-07 22:04:56,1484697,77,81,check-in,
2014-6-07 22:04:56,212756,77,81,check-in,
2014-6-07 22:04:56,786972,77,81,check-in,
2014-6-07 22:04:57,1421406,77,81,check-in,
2014-6-07 22:04:57,1440397,77,81,check-in,
2014-6-07 22:04:57,237750,77,81,check-in,
2014-6-07 22:05:02,1068896,90,38,check-in,
2014-6-07 22:05:03,8385,90,38,check-in,
2014-6-07 22:05:12,999107,24,45,check-in,
2014-6-07 22:05:16,1386541,15,27,check-in,
2014-6-07 22:05:17,105229,15,27,check-in,
2014-6-07 22:05:17,1212680,15,27,check-in,
2014-6-07 22:05:17,1868780,37,60,check-in,
2014-6-07 22:05:17,531594,37,60,check-in,
2014-6-07 22:05:18,1180630,15,27,check-in,
2014-6-07 22:05:18,1443105,37,60,check-in,
2014-6-07 22:05:19,993422,37,60,check-in,
2014-6-07 22:05:25,14290,90,38,check-in,
2014-6-07 22:05:26,1871023,90,38,check-in,
2014-6-07 22:05:27,234320,90,38,check-in,
2014-6-07 22:05:27,983958,90,38,check-in,
2014-6-07 22:05:31,1856188,68,34,check-in,
2014-6-07 22:05:32,1016471,68,34,check-in,
2014-6-07 22:05:33,1446675,66,16,check-in,
2014-6-07 22:05:33,414954,68,34,check-in,
2014-6-07 22:05:34,1092832,66,16,check-in,
2014-6-07 22:05:34,160977,66,16,check-in,
2014-6-07 22:05:34,1633069,66,16,check-in,
2014-6-07 22:05:34,36415,66,16,check-in,
2014-6-07 22:05:34,672918,66,16,check-in,
2014-6-07 22:05:34,907043,66,16,check-in,
2014-6-07 22:05:42,1015059,48,78,check-in,
2014-6-07 22:05:42,104237,48,78,check-in,
2014-6-07 22:05:42,1153287,48,78,check-in,
2014-6-07 22:05:42,1361914,48,78,check-in,
2014-6-07 22:05:42,141431,48,78,check-in,
2014-6-07 22:05:42,1539699,48,78,check-in,
2014-6-07 22:05:42,1551408,48,78,check-in,
2014-6-07 22:05:42,156090,48,78,check-in,
2014-6-07 22:05:42,1584322,48,78,check-in,
2014-6-07 22:05:42,1623059,48,78,check-in,
2014-6-07 22:05:42,1641524,48,78,check-in,
2014-6-07 22:05:42,1771294,48,78,check-in,
2014-6-07 22:05:42,1779593,48,78,check-in,
2014-6-07 22:05:42,1866801,48,78,check-in,
2014-6-07 22:05:42,1893880,48,78,check-in,
2014-6-07 22:05:42,2082124,48,78,check-in,
2014-6-07 22:05:42,2093417,48,78,check-in,
2014-6-07 22:05:42,2231,48,78,check-in,
2014-6-07 22:05:42,27015,48,78,check-in,
2014-6-07 22:05:42,287788,48,78,check-in,
2014-6-07 22:05:42,316610,48,78,check-in,
2014-6-07 22:05:42,360845,48,78,check-in,
2014-6-07 22:05:42,438330,48,78,check-in,
2014-6-07 22:05:42,47291,48,78,check-in,
2014-6-07 22:05:42,49836,48,78,check-in,
2014-6-07 22:05:42,539005,48,78,check-in,
2014-6-07 22:05:42,542750,48,78,check-in,
2014-6-07 22:05:42,590830,48,78,check-in,
2014-6-07 22:05:42,639330,48,78,check-in,
2014-6-07 22:05:42,739635,48,78,check-in,
2014-6-07 22:05:42,913508,48,78,check-in,
2014-6-07 22:05:42,919500,48,78,check-in,
2014-6-07 22:05:42,969097,48,78,check-in,
2014-6-07 22:05:43,1080738,48,78,check-in,
2014-6-07 22:05:44,1494822,48,78,check-in,
2014-6-07 22:05:44,1838460,48,78,check-in,
2014-6-07 22:05:44,1847576,48,78,check-in,
2014-6-07 22:05:44,1998550,11,47,check-in,
2014-6-07 22:05:44,2087553,11,47,check-in,
2014-6-07 22:05:45,704004,11,47,check-in,
2014-6-07 22:05:46,1527648,11,47,check-in,
2014-6-07 22:05:56,1744199,11,47,check-in,
2014-6-07 22:05:56,503970,11,47,check-in,
2014-6-07 22:05:57,2078034,11,47,check-in,
2014-6-07 22:06:14,2092963,90,38,check-in,
2014-6-07 22:06:14,412000,90,38,check-in,
2014-6-07 22:06:14,637270,90,38,check-in,
2014-6-07 22:06:15,205691,37,67,check-in,
2014-6-07 22:06:16,1528665,37,67,check-in,
2014-6-07 22:06:16,4828,37,67,check-in,
2014-6-07 22:06:36,1195307,44,86,check-in,
2014-6-07 22:06:36,573722,90,38,check-in,
2014-6-07 22:06:36,837587,44,86,check-in,
2014-6-07 22:06:37,1504179,90,38,check-in,
2014-6-07 22:06:37,1781105,44,86,check-in,
2014-6-07 22:06:38,360036,90,38,check-in,
2014-6-07 22:06:44,1088488,37,78,check-in,
2014-6-07 22:06:48,1767836,48,78,check-in,
2014-6-07 22:06:56,1052920,33,32,check-in,
2014-6-07 22:06:56,1215996,33,32,check-in,
2014-6-07 22:06:57,1033375,33,32,check-in,
2014-6-07 22:06:59,1185012,24,45,check-in,
2014-6-07 22:07:00,2065364,24,45,check-in,
2014-6-07 22:07:00,331284,24,45,check-in,
2014-6-07 22:07:08,806371,15,27,check-in,
2014-6-07 22:07:09,11297,15,27,check-in,
2014-6-07 22:07:10,121980,63,87,check-in,
2014-6-07 22:07:10,943291,63,87,check-in,
2014-6-07 22:07:12,574013,66,16,check-in,
2014-6-07 22:07:13,1822171,66,16,check-in,
2014-6-07 22:07:20,1023869,67,17,check-in,
2014-6-07 22:07:20,194084,67,17,check-in,
2014-6-07 22:07:20,939374,67,17,check-in,
2014-6-07 22:07:28,1777829,24,45,check-in,
2014-6-07 22:07:28,702461,24,45,check-in,
2014-6-07 22:07:31,1284960,43,17,check-in,
2014-6-07 22:07:31,2074808,43,17,check-in,
2014-6-07 22:07:32,747874,43,17,check-in,
2014-6-07 22:08:14,394459,24,45,check-in,
2014-6-07 22:08:15,1584300,24,45,check-in,
2014-6-07 22:08:15,2042333,24,45,check-in,
2014-6-07 22:08:15,800878,24,45,check-in,
2014-6-07 22:08:16,248169,37,42,check-in,
2014-6-07 22:08:17,1598265,37,42,check-in,
2014-6-07 22:08:18,1194115,37,42,check-in,
2014-6-07 22:08:18,221400,37,42,check-in,
2014-6-07 22:08:19,101816,48,78,check-in,
2014-6-07 22:08:19,1861684,48,78,check-in,
2014-6-07 22:08:20,1529852,48,78,check-in,
2014-6-07 22:08:21,1394838,48,78,check-in,
2014-6-07 22:08:21,2057936,48,78,check-in,
2014-6-07 22:08:21,64694,48,78,check-in,
2014-6-07 22:08:37,1302503,90,38,check-in,
2014-6-07 22:08:37,717915,90,38,check-in,
2014-6-07 22:08:38,1403562,90,38,check-in,
2014-6-07 22:08:38,1749238,90,38,check-in,
2014-6-07 22:08:38,499898,90,38,check-in,
2014-6-07 22:08:47,1227009,44,69,check-in,
2014-6-07 22:08:47,860772,44,69,check-in,
2014-6-07 22:08:48,1059914,44,69,check-in,
2014-6-07 22:08:57,511389,59,26,check-in,
2014-6-07 22:09:02,1074159,37,60,check-in,
2014-6-07 22:09:02,1639323,37,60,check-in,
2014-6-07 22:09:02,1870829,43,17,check-in,
2014-6-07 22:09:02,2084370,37,60,check-in,
2014-6-07 22:09:02,700316,37,60,check-in,
2014-6-07 22:09:02,785770,37,60,check-in,
2014-6-07 22:09:02,790574,37,60,check-in,
2014-6-07 22:09:02,794134,37,60,check-in,
2014-6-07 22:09:02,983170,43,17,check-in,
2014-6-07 22:09:03,136568,37,60,check-in,
2014-6-07 22:09:03,1674281,43,17,check-in,
2014-6-07 22:09:03,487752,43,17,check-in,
2014-6-07 22:09:04,1174742,43,17,check-in,
2014-6-07 22:09:04,1683311,43,17,check-in,
2014-6-07 22:09:04,1875369,43,17,check-in,
2014-6-07 22:09:04,1992055,37,60,check-in,
2014-6-07 22:09:04,916602,43,17,check-in,
2014-6-07 22:09:08,999107,48,78,check-in,
2014-6-07 22:09:33,573722,90,38,check-in,
2014-6-07 22:09:34,1504179,90,38,check-in,
2014-6-07 22:09:34,360036,90,38,check-in,
2014-6-07 22:09:44,1517929,37,42,check-in,
2014-6-07 22:09:45,1759759,37,42,check-in,
2014-6-07 22:09:51,1635641,59,26,check-in,
2014-6-07 22:09:52,1369240,59,26,check-in,
2014-6-07 22:09:52,923760,59,26,check-in,
2014-6-07 22:09:55,470762,44,69,check-in,
2014-6-07 22:09:56,1158920,44,69,check-in,
2014-6-07 22:09:56,14835,44,69,check-in,
2014-6-07 22:09:56,173339,44,69,check-in,
2014-6-07 22:09:56,304161,44,69,check-in,
2014-6-07 22:09:56,50359,44,69,check-in,
2014-6-07 22:09:57,180883,44,69,check-in,
2014-6-07 22:10:06,1136565,15,27,check-in,
2014-6-07 22:10:06,1280903,15,27,check-in,
2014-6-07 22:10:06,1407160,15,27,check-in,
2014-6-07 22:10:06,144336,15,27,check-in,
2014-6-07 22:10:06,1531238,15,27,check-in,
2014-6-07 22:10:06,1595626,15,27,check-in,
2014-6-07 22:10:06,1703113,15,27,check-in,
2014-6-07 22:10:06,1958051,15,27,check-in,
2014-6-07 22:10:06,240939,15,27,check-in,
2014-6-07 22:10:06,454864,15,27,check-in,
2014-6-07 22:10:06,463272,15,27,check-in,
2014-6-07 22:10:06,640611,15,27,check-in,
2014-6-07 22:10:06,711089,15,27,check-in,
2014-6-07 22:10:06,759761,15,27,check-in,
2014-6-07 22:10:06,896994,15,27,check-in,
2014-6-07 22:10:07,169442,15,27,check-in,
2014-6-07 22:10:07,1769583,15,27,check-in,
2014-6-07 22:10:07,1818480,15,27,check-in,
2014-6-07 22:10:07,473009,15,27,check-in,
2014-6-07 22:10:08,1089925,15,27,check-in,
2014-6-07 22:10:08,1198950,15,27,check-in,
2014-6-07 22:10:08,1446001,15,27,check-in,
2014-6-07 22:10:08,146927,15,27,check-in,
2014-6-07 22:10:08,1659314,15,27,check-in,
2014-6-07 22:10:08,1665479,15,27,check-in,
2014-6-07 22:10:08,1794268,15,27,check-in,
2014-6-07 22:10:08,1829821,15,27,check-in,
2014-6-07 22:10:08,1908542,15,27,check-in,
2014-6-07 22:10:08,191700,15,27,check-in,
2014-6-07 22:10:08,1950642,15,27,check-in,
2014-6-07 22:10:08,2081357,15,27,check-in,
2014-6-07 22:10:08,268572,15,27,check-in,
2014-6-07 22:10:08,343755,15,27,check-in,
2014-6-07 22:10:08,352310,15,27,check-in,
2014-6-07 22:10:08,426192,15,27,check-in,
2014-6-07 22:10:08,484561,15,27,check-in,
2014-6-07 22:10:08,485069,15,27,check-in,
2014-6-07 22:10:08,495930,15,27,check-in,
2014-6-07 22:10:08,616186,15,27,check-in,
2014-6-07 22:10:08,755541,15,27,check-in,
2014-6-07 22:10:08,786325,15,27,check-in,
2014-6-07 22:10:08,869640,15,27,check-in,
2014-6-07 22:10:08,913806,15,27,check-in,
2014-6-07 22:10:13,697951,78,43,check-in,
2014-6-07 22:10:14,1933890,90,38,check-in,
2014-6-07 22:10:14,1962745,90,38,check-in,
2014-6-07 22:10:14,2044279,90,38,check-in,
2014-6-07 22:10:14,680083,78,43,check-in,
2014-6-07 22:10:15,942089,78,43,check-in,
2014-6-07 22:10:20,1346096,11,47,check-in,
2014-6-07 22:10:21,1660523,11,47,check-in,
2014-6-07 22:10:21,1691480,11,47,check-in,
2014-6-07 22:10:21,545873,11,47,check-in,
2014-6-07 22:10:21,901297,11,47,check-in,
2014-6-07 22:10:33,1222479,37,67,check-in,
2014-6-07 22:10:33,1344899,90,38,check-in,
2014-6-07 22:10:33,814577,37,67,check-in,
2014-6-07 22:10:48,1761397,44,69,check-in,
2014-6-07 22:10:52,11297,15,27,check-in,
2014-6-07 22:10:53,806371,15,27,check-in,
2014-6-07 22:11:09,848800,63,87,check-in,
2014-6-07 22:11:33,1002250,37,42,check-in,
2014-6-07 22:11:33,876572,37,42,check-in,
2014-6-07 22:11:34,1374136,37,42,check-in,
2014-6-07 22:11:35,1078353,37,42,check-in,
2014-6-07 22:11:35,1341652,37,42,check-in,
2014-6-07 22:11:35,1362007,37,42,check-in,
2014-6-07 22:11:35,169507,37,42,check-in,
2014-6-07 22:11:35,2061456,37,42,check-in,
2014-6-07 22:11:35,57990,37,42,check-in,
2014-6-07 22:11:35,920903,37,42,check-in,
2014-6-07 22:11:38,91683,43,17,check-in,
2014-6-07 22:11:39,1118027,43,17,check-in,
2014-6-07 22:11:39,1292409,43,17,check-in,
2014-6-07 22:11:39,1336358,43,17,check-in,
2014-6-07 22:11:39,1339641,43,17,check-in,
2014-6-07 22:11:39,234695,43,17,check-in,
2014-6-07 22:11:40,1221080,43,17,check-in,
2014-6-07 22:11:42,702461,44,69,check-in,
2014-6-07 22:11:43,137622,44,86,check-in,
2014-6-07 22:11:43,1777829,44,69,check-in,
2014-6-07 22:11:46,2078034,15,27,check-in,
2014-6-07 22:11:47,1744199,15,27,check-in,
2014-6-07 22:11:47,503970,15,27,check-in,
2014-6-07 22:11:59,1155666,33,32,check-in,
2014-6-07 22:12:00,1528551,33,32,check-in,
2014-6-07 22:12:00,1612730,33,32,check-in,
2014-6-07 22:12:00,299728,33,32,check-in,
2014-6-07 22:12:00,504575,33,32,check-in,
2014-6-07 22:12:00,798854,33,32,check-in,
2014-6-07 22:12:02,1349992,24,45,check-in,
2014-6-07 22:12:03,234320,66,28,check-in,
2014-6-07 22:12:03,983958,66,28,check-in,
2014-6-07 22:12:04,1871023,66,28,check-in,
2014-6-07 22:12:05,14290,66,28,check-in,
2014-6-07 22:12:15,1116214,48,78,check-in,
2014-6-07 22:12:18,1740708,33,32,check-in,
2014-6-07 22:12:18,1987765,33,32,check-in,
2014-6-07 22:12:18,84322,33,32,check-in,
2014-6-07 22:12:36,1375106,44,69,check-in,
2014-6-07 22:12:36,879813,44,69,check-in,
2014-6-07 22:12:37,2056236,44,69,check-in,
2014-6-07 22:12:44,605197,24,45,check-in,
2014-6-07 22:12:44,984067,24,45,check-in,
2014-6-07 22:12:45,398386,24,45,check-in,
2014-6-07 22:13:05,704004,37,60,check-in,
2014-6-07 22:13:06,1527648,37,60,check-in,
2014-6-07 22:13:06,1998550,37,60,check-in,
2014-6-07 22:13:06,2087553,37,60,check-in,
2014-6-07 22:13:16,160977,49,16,check-in,
2014-6-07 22:13:16,36415,49,16,check-in,
2014-6-07 22:13:16,672918,49,16,check-in,
2014-6-07 22:13:17,1092832,49,16,check-in,
2014-6-07 22:13:17,1446675,49,16,check-in,
2014-6-07 22:13:17,907043,49,16,check-in,
2014-6-07 22:13:18,1633069,49,16,check-in,
2014-6-07 22:13:26,1605640,44,69,check-in,
2014-6-07 22:13:26,29539,44,69,check-in,
2014-6-07 22:13:26,922332,44,69,check-in,
2014-6-07 22:13:27,1604971,44,69,check-in,
2014-6-07 22:13:27,308426,33,32,check-in,
2014-6-07 22:13:40,1968047,11,47,check-in,
2014-6-07 22:13:40,990296,11,47,check-in,
2014-6-07 22:14:01,268563,48,78,check-in,
2014-6-07 22:14:02,725559,48,78,check-in,
2014-6-07 22:14:03,163330,48,78,check-in,
2014-6-07 22:14:11,487752,49,16,check-in,
2014-6-07 22:14:12,1174742,49,16,check-in,
2014-6-07 22:14:12,1683311,49,16,check-in,
2014-6-07 22:14:12,1875369,49,16,check-in,
2014-6-07 22:14:12,916602,49,16,check-in,
2014-6-07 22:14:13,1330769,48,78,check-in,
2014-6-07 22:14:14,567412,66,16,check-in,
2014-6-07 22:14:14,959623,48,78,check-in,
2014-6-07 22:14:15,180539,48,78,check-in,
2014-6-07 22:14:15,181968,66,16,check-in,
2014-6-07 22:14:15,310080,48,78,check-in,
2014-6-07 22:14:15,727598,66,16,check-in,
2014-6-07 22:14:16,1845254,66,16,check-in,
2014-6-07 22:14:16,967171,66,16,check-in,
2014-6-07 22:14:19,1899097,66,16,check-in,
2014-6-07 22:14:20,1749673,66,16,check-in,
2014-6-07 22:14:20,1797386,66,16,check-in,
2014-6-07 22:14:20,455359,66,16,check-in,
2014-6-07 22:14:20,503736,66,16,check-in,
2014-6-07 22:14:20,566139,66,16,check-in,
2014-6-07 22:14:20,709987,66,16,check-in,
2014-6-07 22:14:28,1008448,68,34,check-in,
2014-6-07 22:14:28,1070212,68,34,check-in,
2014-6-07 22:14:28,1305659,68,34,check-in,
2014-6-07 22:14:28,1942120,68,34,check-in,
2014-6-07 22:14:28,431836,68,34,check-in,
2014-6-07 22:14:28,510274,68,34,check-in,
2014-6-07 22:14:28,6936,68,34,check-in,
2014-6-07 22:14:29,2037299,68,34,check-in,
2014-6-07 22:14:32,11297,15,27,check-in,
2014-6-07 22:14:33,806371,15,27,check-in,
2014-6-07 22:14:36,107173,43,17,check-in,
2014-6-07 22:14:49,605197,37,42,check-in,
2014-6-07 22:14:50,1349992,11,47,check-in,
2014-6-07 22:14:50,398386,37,42,check-in,
2014-6-07 22:14:51,1130496,33,32,check-in,
2014-6-07 22:14:51,1283332,33,32,check-in,
2014-6-07 22:14:51,626177,33,32,check-in,
2014-6-07 22:14:51,970547,33,32,check-in,
2014-6-07 22:14:51,984067,37,42,check-in,
2014-6-07 22:14:52,1101472,33,32,check-in,
2014-6-07 22:14:52,1632214,33,32,check-in,
2014-6-07 22:14:52,953336,33,32,check-in,
2014-6-07 22:15:06,304726,11,47,check-in,
2014-6-07 22:15:06,659110,11,47,check-in,
2014-6-07 22:15:06,815184,11,47,check-in,
2014-6-07 22:15:12,1310370,48,78,check-in,
2014-6-07 22:15:13,1243238,48,78,check-in,
2014-6-07 22:15:13,1287834,48,78,check-in,
2014-6-07 22:15:13,1868973,48,78,check-in,
2014-6-07 22:15:23,574013,44,69,check-in,
2014-6-07 22:15:24,1822171,44,69,check-in,
2014-6-07 22:15:30,46690,33,32,check-in,
2014-6-07 22:15:31,507619,33,32,check-in,
2014-6-07 22:15:31,963448,48,78,check-in,
2014-6-07 22:15:32,1331174,33,32,check-in,
2014-6-07 22:15:32,13357,33,32,check-in,
2014-6-07 22:15:32,1348091,33,32,check-in,
2014-6-07 22:15:32,142693,33,32,check-in,
2014-6-07 22:15:32,1450891,33,32,check-in,
2014-6-07 22:15:32,149510,33,32,check-in,
2014-6-07 22:15:32,1525717,33,32,check-in,
2014-6-07 22:15:32,1549380,33,32,check-in,
2014-6-07 22:15:32,1641935,33,32,check-in,
2014-6-07 22:15:32,1670205,33,32,check-in,
2014-6-07 22:15:32,1731218,33,32,check-in,
2014-6-07 22:15:32,1836866,48,78,check-in,
2014-6-07 22:15:32,1997248,33,32,check-in,
2014-6-07 22:15:32,2021620,33,32,check-in,
2014-6-07 22:15:32,257110,33,32,check-in,
2014-6-07 22:15:32,317896,33,32,check-in,
2014-6-07 22:15:32,365151,33,32,check-in,
2014-6-07 22:15:32,413957,33,32,check-in,
2014-6-07 22:15:32,424786,33,32,check-in,
2014-6-07 22:15:32,604465,33,32,check-in,
2014-6-07 22:15:32,619071,33,32,check-in,
2014-6-07 22:15:32,625158,33,32,check-in,
2014-6-07 22:15:32,71352,33,32,check-in,
2014-6-07 22:15:32,719374,33,32,check-in,
2014-6-07 22:15:32,769128,33,32,check-in,
2014-6-07 22:15:32,783769,33,32,check-in,
2014-6-07 22:15:32,916271,33,32,check-in,
2014-6-07 22:15:32,932733,33,32,check-in,
2014-6-07 22:15:32,941481,33,32,check-in,
2014-6-07 22:15:33,1388440,44,69,check-in,
2014-6-07 22:15:33,1751670,48,78,check-in,
2014-6-07 22:15:33,353069,48,78,check-in,
2014-6-07 22:15:33,931476,48,78,check-in,
2014-6-07 22:15:47,1227009,48,78,check-in,
2014-6-07 22:15:48,1059914,48,78,check-in,
2014-6-07 22:15:49,860772,48,78,check-in,
2014-6-07 22:15:51,513541,44,69,check-in,
2014-6-07 22:15:51,651950,44,69,check-in,
2014-6-07 22:15:51,825258,44,69,check-in,
2014-6-07 22:15:58,1844006,37,60,check-in,
2014-6-07 22:15:59,123962,37,60,check-in,
2014-6-07 22:15:59,1246785,37,60,check-in,
2014-6-07 22:15:59,829257,37,60,check-in,
2014-6-07 22:16:08,1983777,90,38,check-in,
2014-6-07 22:16:16,1421406,48,78,check-in,
2014-6-07 22:16:16,1440397,48,78,check-in,
2014-6-07 22:16:16,1484697,48,78,check-in,
2014-6-07 22:16:16,212756,48,78,check-in,
2014-6-07 22:16:16,237750,48,78,check-in,
2014-6-07 22:16:16,786972,48,78,check-in,
2014-6-07 22:16:21,1284960,15,27,check-in,
2014-6-07 22:16:22,747874,15,27,check-in,
2014-6-07 22:16:23,2074808,15,27,check-in,
2014-6-07 22:16:26,1901189,11,47,check-in,
2014-6-07 22:16:27,668484,11,47,check-in,
2014-6-07 22:16:28,637270,37,60,check-in,
2014-6-07 22:16:29,412000,37,60,check-in,
2014-6-07 22:16:30,1052740,37,42,check-in,
2014-6-07 22:16:30,2092963,37,60,check-in,
2014-6-07 22:16:30,413545,37,42,check-in,
2014-6-07 22:16:54,1537249,59,26,check-in,
2014-6-07 22:17:14,788735,44,69,check-in,
2014-6-07 22:17:15,1030776,44,69,check-in,
2014-6-07 22:17:15,1418908,44,69,check-in,
2014-6-07 22:17:15,696335,44,69,check-in,
2014-6-07 22:17:29,1065048,49,16,check-in,
2014-6-07 22:17:29,1773202,49,16,check-in,
2014-6-07 22:17:29,1934658,49,16,check-in,
2014-6-07 22:17:29,556094,49,16,check-in,
2014-6-07 22:17:29,589678,49,16,check-in,
2014-6-07 22:17:44,681120,78,43,check-in,
2014-6-07 22:17:45,266621,78,43,check-in,
2014-6-07 22:17:46,1012935,78,43,check-in,
2014-6-07 22:17:46,1063223,78,43,check-in,
2014-6-07 22:17:46,1076581,78,43,check-in,
2014-6-07 22:17:46,1221553,78,43,check-in,
2014-6-07 22:17:46,1571002,78,43,check-in,
2014-6-07 22:17:46,1588397,78,43,check-in,
2014-6-07 22:17:46,1644652,78,43,check-in,
2014-6-07 22:17:46,1653859,78,43,check-in,
2014-6-07 22:17:46,1656838,78,43,check-in,
2014-6-07 22:17:46,1659862,78,43,check-in,
2014-6-07 22:17:46,1692159,78,43,check-in,
2014-6-07 22:17:46,171388,78,43,check-in,
2014-6-07 22:17:46,1731401,78,43,check-in,
2014-6-07 22:17:46,1947399,78,43,check-in,
2014-6-07 22:17:46,1970153,78,43,check-in,
2014-6-07 22:17:46,2021879,78,43,check-in,
2014-6-07 22:17:46,2078145,78,43,check-in,
2014-6-07 22:17:46,317830,78,43,check-in,
2014-6-07 22:17:46,453105,78,43,check-in,
2014-6-07 22:17:46,508400,78,43,check-in,
2014-6-07 22:17:46,579996,78,43,check-in,
2014-6-07 22:17:46,621937,78,43,check-in,
2014-6-07 22:17:46,694782,78,43,check-in,
2014-6-07 22:17:46,706989,78,43,check-in,
2014-6-07 22:17:46,725128,78,43,check-in,
2014-6-07 22:17:46,744841,78,43,check-in,
2014-6-07 22:17:46,74863,78,43,check-in,
2014-6-07 22:17:46,800018,78,43,check-in,
2014-6-07 22:17:46,9591,78,43,check-in,
2014-6-07 22:17:46,963248,78,43,check-in,
2014-6-07 22:17:46,972171,78,43,check-in,
2014-6-07 22:18:00,1118027,43,6,check-in,
2014-6-07 22:18:00,1221080,43,6,check-in,
2014-6-07 22:18:00,1336358,43,6,check-in,
2014-6-07 22:18:00,1339641,43,6,check-in,
2014-6-07 22:18:00,234695,43,6,check-in,
2014-6-07 22:18:00,91683,43,6,check-in,
2014-6-07 22:18:01,1292409,43,6,check-in,
2014-6-07 22:18:12,815184,11,47,check-in,
2014-6-07 22:18:13,304726,11,47,check-in,
2014-6-07 22:18:13,659110,11,47,check-in,
2014-6-07 22:18:28,1247388,37,60,check-in,
2014-6-07 22:18:28,197411,37,60,check-in,
2014-6-07 22:18:29,1524807,37,60,check-in,
2014-6-07 22:18:29,503970,54,23,check-in,
2014-6-07 22:18:30,2078034,54,23,check-in,
2014-6-07 22:18:30,680993,37,60,check-in,
2014-6-07 22:18:31,1744199,54,23,check-in,
2014-6-07 22:18:39,761614,11,47,check-in,
2014-6-07 22:18:40,1415247,11,47,check-in,
2014-6-07 22:18:40,20627,11,47,check-in,
2014-6-07 22:18:48,1375098,90,38,check-in,
2014-6-07 22:18:49,843206,90,38,check-in,
2014-6-07 22:18:50,1349992,24,45,check-in,
2014-6-07 22:18:50,414954,48,78,check-in,
2014-6-07 22:18:51,1016471,48,78,check-in,
2014-6-07 22:18:52,1856188,48,78,check-in,
2014-6-07 22:18:53,1154245,37,42,check-in,
2014-6-07 22:18:54,1556578,37,42,check-in,
2014-6-07 22:19:01,697951,44,69,check-in,
2014-6-07 22:19:01,942089,44,69,check-in,
2014-6-07 22:19:02,680083,44,69,check-in,
2014-6-07 22:19:08,1302503,48,87,check-in,
2014-6-07 22:19:08,1403562,48,87,check-in,
2014-6-07 22:19:08,499898,48,87,check-in,
2014-6-07 22:19:08,511389,15,27,check-in,
2014-6-07 22:19:08,717915,48,87,check-in,
2014-6-07 22:19:09,1749238,48,87,check-in,
2014-6-07 22:19:39,1960107,44,69,check-in,
2014-6-07 22:19:40,2095583,44,69,check-in,
2014-6-07 22:19:41,1363807,44,69,check-in,
2014-6-07 22:19:41,18121,44,69,check-in,
2014-6-07 22:19:41,947258,44,69,check-in,
2014-6-07 22:19:50,1147405,37,42,check-in,
2014-6-07 22:19:50,1311571,37,42,check-in,
2014-6-07 22:19:50,413484,37,42,check-in,
2014-6-07 22:19:55,1962745,63,87,check-in,
2014-6-07 22:19:56,1933890,63,87,check-in,
2014-6-07 22:19:56,2044279,63,87,check-in,
2014-6-07 22:20:14,1777829,44,69,check-in,
2014-6-07 22:20:14,702461,44,69,check-in,
2014-6-07 22:20:40,1696753,24,45,check-in,
2014-6-07 22:20:41,1616474,24,45,check-in,
2014-6-07 22:20:41,1627198,24,45,check-in,
2014-6-07 22:20:42,1047819,44,69,check-in,
2014-6-07 22:20:42,480467,44,69,check-in,
2014-6-07 22:20:43,449821,44,69,check-in,
2014-6-07 22:20:48,2037595,86,85,check-in,
2014-6-07 22:20:48,769234,86,85,check-in,
2014-6-07 22:20:48,914298,37,60,check-in,
2014-6-07 22:20:49,150987,86,85,check-in,
2014-6-07 22:20:49,1896535,37,60,check-in,
2014-6-07 22:20:50,1680940,37,60,check-in,
2014-6-07 22:20:50,1958633,37,60,check-in,
2014-6-07 22:20:50,281976,37,60,check-in,
2014-6-07 22:20:50,756153,37,60,check-in,
2014-6-07 22:20:50,845051,37,60,check-in,
2014-6-07 22:21:20,1761397,44,86,check-in,
2014-6-07 22:21:37,1369240,24,45,check-in,
2014-6-07 22:21:37,923760,24,45,check-in,
2014-6-07 22:21:38,1635641,24,45,check-in,
2014-6-07 22:21:40,1158920,78,43,check-in,
2014-6-07 22:21:40,14835,78,43,check-in,
2014-6-07 22:21:40,180883,78,43,check-in,
2014-6-07 22:21:40,304161,78,43,check-in,
2014-6-07 22:21:40,50359,78,43,check-in,
2014-6-07 22:21:41,173339,78,43,check-in,
2014-6-07 22:21:42,470762,78,43,check-in,
2014-6-07 22:21:54,1407160,68,34,check-in,
2014-6-07 22:21:54,1446001,68,34,check-in,
2014-6-07 22:21:54,146927,68,34,check-in,
2014-6-07 22:21:54,1769583,68,34,check-in,
2014-6-07 22:21:54,1958051,68,34,check-in,
2014-6-07 22:21:54,2081357,68,34,check-in,
2014-6-07 22:21:54,426192,68,34,check-in,
2014-6-07 22:21:54,463272,68,34,check-in,
2014-6-07 22:21:54,473009,68,34,check-in,
2014-6-07 22:21:55,1089925,68,34,check-in,
2014-6-07 22:21:55,1136565,68,34,check-in,
2014-6-07 22:21:55,1198950,68,34,check-in,
2014-6-07 22:21:55,1280903,68,34,check-in,
2014-6-07 22:21:55,144336,68,34,check-in,
2014-6-07 22:21:55,1531238,68,34,check-in,
2014-6-07 22:21:55,1595626,68,34,check-in,
2014-6-07 22:21:55,1659314,68,34,check-in,
2014-6-07 22:21:55,1665479,68,34,check-in,
2014-6-07 22:21:55,169442,68,34,check-in,
2014-6-07 22:21:55,1703113,68,34,check-in,
2014-6-07 22:21:55,1794268,68,34,check-in,
2014-6-07 22:21:55,1818480,68,34,check-in,
2014-6-07 22:21:55,1829821,68,34,check-in,
2014-6-07 22:21:55,1908542,68,34,check-in,
2014-6-07 22:21:55,191700,68,34,check-in,
2014-6-07 22:21:55,1950642,68,34,check-in,
2014-6-07 22:21:55,240939,68,34,check-in,
2014-6-07 22:21:55,268572,68,34,check-in,
2014-6-07 22:21:55,343755,68,34,check-in,
2014-6-07 22:21:55,352310,68,34,check-in,
2014-6-07 22:21:55,454864,68,34,check-in,
2014-6-07 22:21:55,484561,68,34,check-in,
2014-6-07 22:21:55,485069,68,34,check-in,
2014-6-07 22:21:55,495930,68,34,check-in,
2014-6-07 22:21:55,616186,68,34,check-in,
2014-6-07 22:21:55,640611,68,34,check-in,
2014-6-07 22:21:55,711089,68,34,check-in,
2014-6-07 22:21:55,755541,68,34,check-in,
2014-6-07 22:21:55,759761,68,34,check-in,
2014-6-07 22:21:55,786325,68,34,check-in,
2014-6-07 22:21:55,869640,68,34,check-in,
2014-6-07 22:21:55,896994,68,34,check-in,
2014-6-07 22:21:55,913806,68,34,check-in,
2014-6-07 22:22:05,1349992,43,17,check-in,
2014-6-07 22:22:20,922955,44,86,check-in,
2014-6-07 22:22:21,99250,44,86,check-in,
2014-6-07 22:22:22,1130119,77,81,check-in,
2014-6-07 22:22:22,1173017,77,81,check-in,
2014-6-07 22:22:22,1193497,77,81,check-in,
2014-6-07 22:22:22,1236449,77,81,check-in,
2014-6-07 22:22:22,1291642,77,81,check-in,
2014-6-07 22:22:22,1320776,77,81,check-in,
2014-6-07 22:22:22,1370814,77,81,check-in,
2014-6-07 22:22:22,1423542,77,81,check-in,
2014-6-07 22:22:22,1600717,77,81,check-in,
2014-6-07 22:22:22,1629895,77,81,check-in,
2014-6-07 22:22:22,1632770,77,81,check-in,
2014-6-07 22:22:22,1660535,77,81,check-in,
2014-6-07 22:22:22,1686461,77,81,check-in,
2014-6-07 22:22:22,1721795,77,81,check-in,
2014-6-07 22:22:22,173006,77,81,check-in,
2014-6-07 22:22:22,1744935,77,81,check-in,
2014-6-07 22:22:22,1805164,77,81,check-in,
2014-6-07 22:22:22,1808245,77,81,check-in,
2014-6-07 22:22:22,1834442,77,81,check-in,
2014-6-07 22:22:22,1884164,77,81,check-in,
2014-6-07 22:22:22,1924013,77,81,check-in,
2014-6-07 22:22:22,1934190,77,81,check-in,
2014-6-07 22:22:22,1962102,77,81,check-in,
2014-6-07 22:22:22,289210,77,81,check-in,
2014-6-07 22:22:22,395338,77,81,check-in,
2014-6-07 22:22:22,411234,77,81,check-in,
2014-6-07 22:22:22,418391,77,81,check-in,
2014-6-07 22:22:22,526913,77,81,check-in,
2014-6-07 22:22:22,54259,77,81,check-in,
2014-6-07 22:22:22,561527,77,81,check-in,
2014-6-07 22:22:22,641026,77,81,check-in,
2014-6-07 22:22:22,656163,77,81,check-in,
2014-6-07 22:22:22,724229,77,81,check-in,
2014-6-07 22:22:22,754119,77,81,check-in,
2014-6-07 22:22:22,865604,77,81,check-in,
2014-6-07 22:22:22,925670,77,81,check-in,
2014-6-07 22:22:22,96515,77,81,check-in,
2014-6-07 22:22:23,618651,77,81,check-in,
2014-6-07 22:22:24,167642,77,81,check-in,
2014-6-07 22:22:24,1903923,77,81,check-in,
2014-6-07 22:22:24,2058153,77,81,check-in,
2014-6-07 22:22:28,137622,11,47,check-in,
2014-6-07 22:22:33,304726,11,47,check-in,
2014-6-07 22:22:34,1375098,90,38,check-in,
2014-6-07 22:22:34,659110,11,47,check-in,
2014-6-07 22:22:34,815184,11,47,check-in,
2014-6-07 22:22:34,843206,90,38,check-in,
2014-6-07 22:22:59,1528665,11,47,check-in,
2014-6-07 22:22:59,205691,11,47,check-in,
2014-6-07 22:22:59,4828,11,47,check-in,
2014-6-07 22:23:10,1696241,37,60,check-in,
2014-6-07 22:23:40,107173,37,60,check-in,
2014-6-07 22:23:49,2023353,24,45,check-in,
2014-6-07 22:23:53,78603,68,34,check-in,
2014-6-07 22:23:54,1823484,68,34,check-in,
2014-6-07 22:23:55,518531,68,34,check-in,
2014-6-07 22:23:55,711179,68,34,check-in,
2014-6-07 22:23:55,941,68,34,check-in,
2014-6-07 22:24:12,1845254,44,69,check-in,
2014-6-07 22:24:13,181968,44,69,check-in,
2014-6-07 22:24:14,567412,44,69,check-in,
2014-6-07 22:24:14,727598,44,69,check-in,
2014-6-07 22:24:14,967171,44,69,check-in,
2014-6-07 22:24:26,1633069,84,73,check-in,
2014-6-07 22:24:26,907043,84,73,check-in,
2014-6-07 22:24:27,1446675,84,73,check-in,
2014-6-07 22:24:28,1092832,84,73,check-in,
2014-6-07 22:24:28,160977,84,73,check-in,
2014-6-07 22:24:28,36415,84,73,check-in,
2014-6-07 22:24:28,672918,84,73,check-in,
2014-6-07 22:24:41,511389,37,60,check-in,
2014-6-07 22:24:45,20627,15,27,check-in,
2014-6-07 22:24:46,761614,15,27,check-in,
2014-6-07 22:24:47,1415247,15,27,check-in,
2014-6-07 22:26:08,1616474,48,78,check-in,
2014-6-07 22:26:08,1627198,48,78,check-in,
2014-6-07 22:26:08,1696753,48,78,check-in,
2014-6-07 22:26:14,1030776,37,60,check-in,
2014-6-07 22:26:14,1418908,37,60,check-in,
2014-6-07 22:26:14,696335,37,60,check-in,
2014-6-07 22:26:15,788735,37,60,check-in,
2014-6-07 22:26:53,1375098,90,38,check-in,
2014-6-07 22:26:54,843206,90,38,check-in,
2014-6-07 22:28:13,1761397,44,86,check-in,
2014-6-07 22:28:14,1363807,24,45,check-in,
2014-6-07 22:28:14,18121,24,45,check-in,
2014-6-07 22:28:14,1960107,24,45,check-in,
2014-6-07 22:28:14,922955,44,86,check-in,
2014-6-07 22:28:14,947258,24,45,check-in,
2014-6-07 22:28:15,1349992,15,27,check-in,
2014-6-07 22:28:15,2095583,24,45,check-in,
2014-6-07 22:28:15,99250,44,86,check-in,
2014-6-07 22:29:29,1426039,48,78,check-in,
2014-6-07 22:29:29,1995388,48,78,check-in,
2014-6-07 22:29:30,1046264,48,78,check-in,
2014-6-07 22:29:30,69337,48,78,check-in,
2014-6-07 22:29:36,1240976,43,17,check-in,
2014-6-07 22:29:36,876501,43,17,check-in,
2014-6-07 22:29:36,962998,43,17,check-in,
2014-6-07 22:29:37,841206,43,17,check-in,
2014-6-07 22:29:38,1377134,43,17,check-in,
2014-6-07 22:29:38,540014,43,17,check-in,
2014-6-07 22:29:38,612457,43,17,check-in,
2014-6-07 22:29:45,1065048,87,79,check-in,
2014-6-07 22:29:46,1773202,87,79,check-in,
2014-6-07 22:29:46,1934658,87,79,check-in,
2014-6-07 22:29:46,556094,87,79,check-in,
2014-6-07 22:29:46,589678,87,79,check-in,
2014-6-07 22:30:14,1760129,37,67,check-in,
2014-6-07 22:30:50,680083,88,83,check-in,
2014-6-07 22:30:50,697951,88,83,check-in,
2014-6-07 22:30:50,942089,88,83,check-in,
2014-6-07 22:31:08,999107,15,27,check-in,
2014-6-07 22:31:12,205691,44,69,check-in,
2014-6-07 22:31:12,4828,44,69,check-in,
2014-6-07 22:31:13,1528665,44,69,check-in,
2014-6-07 22:31:51,14835,67,17,check-in,
2014-6-07 22:31:52,173339,67,17,check-in,
2014-6-07 22:31:52,180883,67,17,check-in,
2014-6-07 22:31:52,304161,67,17,check-in,
2014-6-07 22:31:53,1158920,67,17,check-in,
2014-6-07 22:31:53,470762,67,17,check-in,
2014-6-07 22:31:53,50359,67,17,check-in,
2014-6-07 22:32:02,1349992,24,45,check-in,
2014-6-07 22:33:13,1856188,48,87,check-in,
2014-6-07 22:33:13,414954,48,87,check-in,
2014-6-07 22:33:14,1016471,48,87,check-in,
2014-6-07 22:33:44,789165,87,79,check-in,
2014-6-07 22:33:45,1308552,87,79,check-in,
2014-6-07 22:33:45,516135,87,79,check-in,
2014-6-07 22:34:38,254095,37,67,check-in,
2014-6-07 22:34:39,1329464,37,67,check-in,
2014-6-07 22:34:39,135373,37,67,check-in,
2014-6-07 22:34:39,1615419,37,67,check-in,
2014-6-07 22:34:39,1894006,37,67,check-in,
2014-6-07 22:34:39,1986103,37,67,check-in,
2014-6-07 22:34:39,2056596,37,67,check-in,
2014-6-07 22:34:39,317834,37,67,check-in,
2014-6-07 22:34:39,419652,37,67,check-in,
2014-6-07 22:34:39,94026,37,67,check-in,
2014-6-07 22:35:01,1415247,87,48,check-in,
2014-6-07 22:35:01,20627,87,48,check-in,
2014-6-07 22:35:01,761614,87,48,check-in,
2014-6-07 22:35:02,1012935,63,87,check-in,
2014-6-07 22:35:02,1076581,63,87,check-in,
2014-6-07 22:35:02,1571002,63,87,check-in,
2014-6-07 22:35:02,1588397,63,87,check-in,
2014-6-07 22:35:02,1653859,63,87,check-in,
2014-6-07 22:35:02,1692159,63,87,check-in,
2014-6-07 22:35:02,1947399,63,87,check-in,
2014-6-07 22:35:02,1970153,63,87,check-in,
2014-6-07 22:35:02,317830,63,87,check-in,
2014-6-07 22:35:02,508400,63,87,check-in,
2014-6-07 22:35:02,579996,63,87,check-in,
2014-6-07 22:35:02,621937,63,87,check-in,
2014-6-07 22:35:02,681120,63,87,check-in,
2014-6-07 22:35:02,706989,63,87,check-in,
2014-6-07 22:35:02,725128,63,87,check-in,
2014-6-07 22:35:02,74863,63,87,check-in,
2014-6-07 22:35:02,963248,63,87,check-in,
2014-6-07 22:35:02,972171,63,87,check-in,
2014-6-07 22:35:03,266621,63,87,check-in,
2014-6-07 22:35:04,1063223,63,87,check-in,
2014-6-07 22:35:04,1221553,63,87,check-in,
2014-6-07 22:35:04,1644652,63,87,check-in,
2014-6-07 22:35:04,1656838,63,87,check-in,
2014-6-07 22:35:04,1659862,63,87,check-in,
2014-6-07 22:35:04,171388,63,87,check-in,
2014-6-07 22:35:04,1731401,63,87,check-in,
2014-6-07 22:35:04,2021879,63,87,check-in,
2014-6-07 22:35:04,2078145,63,87,check-in,
2014-6-07 22:35:04,453105,63,87,check-in,
2014-6-07 22:35:04,694782,63,87,check-in,
2014-6-07 22:35:04,744841,63,87,check-in,
2014-6-07 22:35:04,800018,63,87,check-in,
2014-6-07 22:35:04,9591,63,87,check-in,
2014-6-07 22:35:13,1047819,15,27,check-in,
2014-6-07 22:35:13,449821,15,27,check-in,
2014-6-07 22:35:14,480467,15,27,check-in,
2014-6-07 22:36:56,2026858,66,28,check-in,
2014-6-07 22:36:56,978154,66,28,check-in,
2014-6-07 22:36:57,1425856,66,28,check-in,
2014-6-07 22:36:57,869906,66,28,check-in,
2014-6-07 22:37:41,1023869,11,47,check-in,
2014-6-07 22:37:41,194084,11,47,check-in,
2014-6-07 22:37:42,939374,11,47,check-in,
2014-6-07 22:37:58,1717612,11,47,check-in,
2014-6-07 22:37:58,1964034,11,47,check-in,
2014-6-07 22:37:59,1426034,11,47,check-in,
2014-6-07 22:38:00,434275,11,47,check-in,
2014-6-07 22:38:07,1426039,24,45,check-in,
2014-6-07 22:38:08,1046264,24,45,check-in,
2014-6-07 22:38:09,1995388,24,45,check-in,
2014-6-07 22:38:09,69337,24,45,check-in,
2014-6-07 22:38:38,100461,37,78,check-in,
2014-6-07 22:38:38,1090736,37,78,check-in,
2014-6-07 22:38:38,1495754,37,78,check-in,
2014-6-07 22:38:38,1622809,37,78,check-in,
2014-6-07 22:38:38,1757776,37,78,check-in,
2014-6-07 22:38:38,1898604,37,78,check-in,
2014-6-07 22:38:38,454584,37,78,check-in,
2014-6-07 22:38:38,86922,37,78,check-in,
2014-6-07 22:38:39,305293,37,78,check-in,
2014-6-07 22:38:40,1014319,37,78,check-in,
2014-6-07 22:38:40,1088140,37,78,check-in,
2014-6-07 22:38:40,1157581,37,78,check-in,
2014-6-07 22:38:40,128881,37,78,check-in,
2014-6-07 22:38:40,1312187,37,78,check-in,
2014-6-07 22:38:40,1370380,37,78,check-in,
2014-6-07 22:38:40,1533373,37,78,check-in,
2014-6-07 22:38:40,1631511,37,78,check-in,
2014-6-07 22:38:40,165079,37,78,check-in,
2014-6-07 22:38:40,1656683,37,78,check-in,
2014-6-07 22:38:40,1821948,37,78,check-in,
2014-6-07 22:38:40,1868896,37,78,check-in,
2014-6-07 22:38:40,1937939,37,78,check-in,
2014-6-07 22:38:40,2017039,37,78,check-in,
2014-6-07 22:38:40,2027837,37,78,check-in,
2014-6-07 22:38:40,2036365,37,78,check-in,
2014-6-07 22:38:40,2061350,37,78,check-in,
2014-6-07 22:38:40,237551,37,78,check-in,
2014-6-07 22:38:40,277583,37,78,check-in,
2014-6-07 22:38:40,417992,37,78,check-in,
2014-6-07 22:38:40,427814,37,78,check-in,
2014-6-07 22:38:40,461649,37,78,check-in,
2014-6-07 22:38:40,478470,37,78,check-in,
2014-6-07 22:38:40,537575,37,78,check-in,
2014-6-07 22:38:40,755768,37,78,check-in,
2014-6-07 22:38:40,789216,37,78,check-in,
2014-6-07 22:38:40,833204,37,78,check-in,
2014-6-07 22:38:43,1052920,33,32,check-in,
2014-6-07 22:38:44,1033375,33,32,check-in,
2014-6-07 22:38:45,1215996,33,32,check-in,
2014-6-07 22:39:12,116226,89,79,check-in,
2014-6-07 22:39:12,490354,89,79,check-in,
2014-6-07 22:39:13,272420,89,79,check-in,
2014-6-07 22:39:13,516024,89,79,check-in,
2014-6-07 22:39:41,1605640,80,82,check-in,
2014-6-07 22:39:41,29539,80,82,check-in,
2014-6-07 22:39:42,1604971,80,82,check-in,
2014-6-07 22:39:43,922332,80,82,check-in,
2014-6-07 22:40:08,1308552,80,82,check-in,
2014-6-07 22:40:09,516135,80,82,check-in,
2014-6-07 22:40:09,789165,80,82,check-in,
2014-6-07 22:40:23,629023,54,23,check-in,
2014-6-07 22:40:23,708075,54,23,check-in,
2014-6-07 22:40:23,914682,54,23,check-in,
2014-6-07 22:40:24,2033362,54,23,check-in,
2014-6-07 22:40:25,395602,54,23,check-in,
2014-6-07 22:40:32,680083,78,43,check-in,
2014-6-07 22:40:32,697951,78,43,check-in,
2014-6-07 22:40:33,942089,78,43,check-in,
2014-6-07 22:47:06,1964034,44,69,check-in,
2014-6-07 22:47:07,1426034,44,69,check-in,
2014-6-07 22:47:08,1717612,44,69,check-in,
2014-6-07 22:47:08,434275,44,69,check-in,
2014-6-07 22:47:57,761614,24,45,check-in,
2014-6-07 22:47:58,1415247,24,45,check-in,
2014-6-07 22:47:58,20627,24,45,check-in,
2014-6-07 22:50:55,2007288,11,47,check-in,
2014-6-07 22:50:56,1149522,11,47,check-in,
2014-6-07 22:50:56,1374909,11,47,check-in,
2014-6-07 22:50:56,1382265,11,47,check-in,
2014-6-07 22:50:56,1433603,11,47,check-in,
2014-6-07 22:50:56,1725158,11,47,check-in,
2014-6-07 22:50:56,188246,11,47,check-in,
2014-6-07 22:50:56,2025845,11,47,check-in,
2014-6-07 22:50:56,316875,11,47,check-in,
2014-6-07 22:50:56,699592,11,47,check-in,
2014-6-07 22:50:56,761789,11,47,check-in,
2014-6-07 22:50:57,1081096,11,47,check-in,
2014-6-07 22:50:57,1329647,11,47,check-in,
2014-6-07 22:50:57,143684,11,47,check-in,
2014-6-07 22:50:57,1489263,11,47,check-in,
2014-6-07 22:50:57,1492510,11,47,check-in,
2014-6-07 22:50:57,1506538,11,47,check-in,
2014-6-07 22:50:57,1545067,11,47,check-in,
2014-6-07 22:50:57,1662926,11,47,check-in,
2014-6-07 22:50:57,1715262,11,47,check-in,
2014-6-07 22:50:57,1772962,11,47,check-in,
2014-6-07 22:50:57,1947073,11,47,check-in,
2014-6-07 22:50:57,2018291,11,47,check-in,
2014-6-07 22:50:57,211273,11,47,check-in,
2014-6-07 22:50:57,380513,11,47,check-in,
2014-6-07 22:50:57,484387,11,47,check-in,
2014-6-07 22:50:57,515169,11,47,check-in,
2014-6-07 22:50:57,61892,11,47,check-in,
2014-6-07 22:50:57,708467,11,47,check-in,
2014-6-07 22:50:57,735688,11,47,check-in,
2014-6-07 22:50:57,831670,11,47,check-in,
2014-6-07 22:52:02,697951,37,78,check-in,
2014-6-07 22:52:02,942089,37,78,check-in,
2014-6-07 22:52:03,680083,37,78,check-in,
2014-6-07 22:55:17,1308552,11,47,check-in,
2014-6-07 22:55:17,789165,11,47,check-in,
2014-6-07 22:55:18,516135,11,47,check-in,
2014-6-07 22:57:15,1869584,37,60,check-in,
2014-6-07 22:57:15,818720,37,60,check-in,
2014-6-07 22:57:16,811679,37,60,check-in,
2014-6-07 22:57:17,1215114,37,60,check-in,
2014-6-07 22:57:17,1474196,37,60,check-in,
2014-6-07 22:57:17,1480135,37,60,check-in,
2014-6-07 22:57:17,339880,37,60,check-in,
